{
    "type": "enemy",
    "size": [
        3.0,
        3.0
    ],
    "score": 50,
    "lives": 6,
    "actions": {
        "main": [
            {
                "direction": [
                    0.0,
                    -0.01
                ],
                "t": 2000
            },
            {
                "direction": [
                    0.0,
                    -0.1
                ],
                "t": 1000,
                "texture": "speed_tex"
            }
        ]
    },
    "textures": {
        "main_tex": [
            {
                "png": "main1.png",
                "t": 500,
                "footprint": {
                    "pos": [
                        0.12109375,
                        0.021484375
                    ],
                    "size": [
                        0.8017578125,
                        0.978515625
                    ]
                }
            },
            {
                "png": "main2.png",
                "t": 300,
                "footprint": {
                    "pos": [
                        0.068359375,
                        0.021484375
                    ],
                    "size": [
                        0.861328125,
                        0.978515625
                    ]
                }
            }
        ],
        "speed_tex": [
            {
                "png": "shoot1.png",
                "t": 300,
                "footprint": {
                    "pos": [
                        0.12109375,
                        0.021484375
                    ],
                    "size": [
                        0.8017578125,
                        0.978515625
                    ]
                }
            },
            {
                "png": "shoot2.png",
                "t": 200,
                "footprint": {
                    "pos": [
                        0.140625,
                        0.021484375
                    ],
                    "size": [
                        0.7822265625,
                        0.978515625
                    ]
                }
            }
        ]
    }
}