{
    "type": "enemy",
    "size": [
        1.3,
        1.3
    ],
    "score": 40,
    "lives": 5,
    "actions": {
        "main": [
            {
                "direction": [
                    0.0,
                    -0.05
                ],
                "t": 700
            },
            {
                "direction": [
                    0.0,
                    0.1
                ],
                "t": 120,
                "shooting": "zigzag_bullet",
                "t_shooting": 50,
                "texture": "shooting_tex"
            }
        ]
    },
    "textures": {
        "main_tex": [
            {
                "png": "main1.png",
                "t": 500,
                "footprint": {
                    "pos": [
                        0.017578125,
                        0.001953125
                    ],
                    "size": [
                        0.875,
                        0.90625
                    ]
                }
            },
            {
                "png": "main2.png",
                "t": 300,
                "footprint": {
                    "pos": [
                        0.0,
                        0.001953125
                    ],
                    "size": [
                        0.990234375,
                        0.998046875
                    ]
                }
            }
        ],
        "shooting_tex": [
            {
                "png": "shoot1.png",
                "t": 300,
                "footprint": {
                    "pos": [
                        0.16015625,
                        0.193359375
                    ],
                    "size": [
                        0.611328125,
                        0.681640625
                    ]
                }
            },
            {
                "png": "shoot2.png",
                "t": 200,
                "footprint": {
                    "pos": [
                        0.001953125,
                        0.001953125
                    ],
                    "size": [
                        0.99609375,
                        0.990234375
                    ]
                }
            }
        ]
    }
}