{
    "type": "obstacle_setting",
    "footprint": [
        [
            -0.5,
            -0.5
        ],
        [
            0.5,
            -0.5
        ],
        [
            0.5,
            0.5
        ],
        [
            0.3343333333333333,
            0.42566666666666664
        ],
        [
            0.18,
            0.32999999999999996
        ],
        [
            0.032333333333333325,
            0.2243333333333333
        ],
        [
            -0.1,
            0.1
        ],
        [
            -0.2243333333333333,
            -0.032333333333333325
        ],
        [
            -0.32999999999999996,
            -0.18
        ],
        [
            -0.42566666666666664,
            -0.3343333333333333
        ]
    ],
    "restitution": 0.2
}