{
    "type": "obstacle_setting",
    "footprint": [
        [
            -0.5,
            -0.0
        ],
        [
            -0.5,
            -0.5
        ],
        [
            0.0,
            -0.5
        ],
        [
            -0.03716666666666667,
            -0.41716666666666663
        ],
        [
            -0.085,
            -0.33999999999999997
        ],
        [
            -0.13783333333333336,
            -0.26616666666666666
        ],
        [
            -0.2,
            -0.2
        ],
        [
            -0.26616666666666666,
            -0.13783333333333336
        ],
        [
            -0.33999999999999997,
            -0.085
        ],
        [
            -0.41716666666666663,
            -0.03716666666666667
        ]
    ],
    "restitution": 0.02
}