{
    "type": "obstacle_setting",
    "footprint": [
        [
            -0.16666666666666669,
            -0.5
        ],
        [
            0.5,
            -0.5
        ],
        [
            0.5,
            0.16666666666666663
        ]
    ],
    "restitution": 0.2
}