{
    "type": "obstacle_setting",
    "footprint": [
        [
            -0.5,
            -0.5
        ],
        [
            0.5,
            -0.5
        ],
        [
            0.5,
            0.0
        ],
        [
            0.38,
            0.045666666666666675
        ],
        [
            0.255,
            0.07500000000000001
        ],
        [
            0.12833333333333333,
            0.096
        ],
        [
            0.0,
            0.1
        ],
        [
            -0.12833333333333333,
            0.096
        ],
        [
            -0.255,
            0.07500000000000001
        ],
        [
            -0.38,
            0.045666666666666675
        ],
        [
            -0.5,
            0.0
        ]
    ],
    "restitution": 0.02
}