{
    "type": "obstacle_setting",
    "footprint": [
        [
            -0.5,
            -0.0
        ],
        [
            -0.5,
            -0.5
        ],
        [
            0.5,
            -0.5
        ],
        [
            0.4028333333333333,
            -0.3943333333333333
        ],
        [
            0.29250000000000004,
            -0.3025
        ],
        [
            0.17633333333333334,
            -0.21816666666666668
        ],
        [
            0.05,
            -0.15
        ],
        [
            -0.08033333333333333,
            -0.08983333333333332
        ],
        [
            -0.2175,
            -0.047499999999999994
        ],
        [
            -0.3571666666666667,
            -0.014333333333333332
        ]
    ],
    "restitution": 0.02
}