{
    "type": "obstacle_tile",
    "footprint": [
        [
            -0.5,
            -0.0
        ],
        [
            -0.4628333333333334,
            -0.08283333333333333
        ],
        [
            -0.41500000000000004,
            -0.16
        ],
        [
            -0.3621666666666667,
            -0.2338333333333333
        ],
        [
            -0.3,
            -0.3
        ],
        [
            -0.2338333333333333,
            -0.3621666666666667
        ],
        [
            -0.16,
            -0.41500000000000004
        ],
        [
            -0.08283333333333333,
            -0.4628333333333334
        ],
        [
            0.0,
            -0.5
        ],
        [
            0.5,
            -0.5
        ],
        [
            0.5,
            0.5
        ],
        [
            -0.5,
            0.5
        ]
    ],
    "restitution": 0.02
}