{
    "type": "obstacle_tile",
    "footprint": [
        [
            0.5,
            0.0
        ],
        [
            0.4028333333333333,
            0.10566666666666666
        ],
        [
            0.29250000000000004,
            0.19749999999999998
        ],
        [
            0.17633333333333334,
            0.2818333333333333
        ],
        [
            0.05,
            0.35
        ],
        [
            -0.08033333333333333,
            0.4101666666666667
        ],
        [
            -0.2175,
            0.4525
        ],
        [
            -0.3571666666666667,
            0.4856666666666667
        ],
        [
            -0.5,
            0.5
        ],
        [
            -0.5,
            -0.5
        ],
        [
            0.5,
            -0.5
        ]
    ],
    "restitution": 0.02
}