{
    "type": "bullet",
    "size": [
        1.5,
        1.5
    ],
    "actions": {
        "main": [
            {
                "direction": [
                    0.1,
                    0.2
                ],
                "t": 400
            }
        ]
    },
    "textures": {
        "main_tex": [
            {
                "png": "main1.png",
                "t": 200,
                "footprint": {
                    "pos": [
                        0.0126953125,
                        0.0849609375
                    ],
                    "size": [
                        0.7666015625,
                        0.9052734375
                    ]
                }
            },
            {
                "png": "main2.png",
                "t": 200,
                "footprint": {
                    "pos": [
                        0.0126953125,
                        0.0849609375
                    ],
                    "size": [
                        0.7666015625,
                        0.9052734375
                    ]
                }
            }
        ]
    }
}