{
    "type": "bullet",
    "size": [
        0.7,
        0.7
    ],
    "actions": {
        "main": [
            {
                "direction": [
                    0.0,
                    0.2
                ],
                "t": 400
            }
        ]
    },
    "textures": {
        "main_tex": [
            {
                "png": "main1.png",
                "t": 300,
                "footprint": {
                    "pos": [
                        0.138671875,
                        0.0419921875
                    ],
                    "size": [
                        0.744140625,
                        0.8955078125
                    ]
                }
            },
            {
                "png": "main2.png",
                "t": 300,
                "footprint": {
                    "pos": [
                        0.138671875,
                        0.0419921875
                    ],
                    "size": [
                        0.744140625,
                        0.8955078125
                    ]
                }
            }
        ]
    }
}