{
    "type": "bullet",
    "size": [
        0.8,
        0.8
    ],
    "actions": {
        "main": [
            {
                "direction": [
                    -0.03,
                    -0.05
                ],
                "t": 500
            },
            {
                "direction": [
                    0.03,
                    -0.05
                ],
                "t": 500
            }
        ]
    },
    "textures": {
        "main_tex": [
            {
                "png": "main1.png",
                "t": 500,
                "footprint": {
                    "pos": [
                        0.2236328125,
                        0.0615234375
                    ],
                    "size": [
                        0.55859375,
                        0.9384765625
                    ]
                }
            },
            {
                "png": "main2.png",
                "t": 500,
                "footprint": {
                    "pos": [
                        0.171875,
                        0.1533203125
                    ],
                    "size": [
                        0.6669921875,
                        0.8466796875
                    ]
                }
            }
        ]
    }
}