{
    "type": "bullet",
    "size": [
        0.5,
        0.5
    ],
    "actions": {
        "main": [
            {
                "direction": [
                    0.0,
                    -0.05
                ],
                "t": 800,
                "texture": "main_tex"
            },
            {
                "direction": [
                    -0.07,
                    0.02
                ],
                "t": 200,
                "texture": "main_tex"
            }
        ]
    },
    "textures": {
        "main_tex": [
            {
                "png": "main1.png",
                "t": 500,
                "footprint": {
                    "pos": [
                        0.1015625,
                        0.09765625
                    ],
                    "size": [
                        0.8125,
                        0.7724609375
                    ]
                }
            },
            {
                "png": "main2.png",
                "t": 300,
                "footprint": {
                    "pos": [
                        0.0205078125,
                        0.09765625
                    ],
                    "size": [
                        0.978515625,
                        0.7724609375
                    ]
                }
            },
            {
                "png": "main3.png",
                "t": 300,
                "footprint": {
                    "pos": [
                        0.0,
                        0.09765625
                    ],
                    "size": [
                        0.9990234375,
                        0.7724609375
                    ]
                }
            }
        ]
    }
}